1457246,01,,N,,D
1190537,01,,N,,D
1457245,01,,N,,D
1225454,96,,N,,A
1445395,96,,N,,A
1256230,96,,N,,A
1243392,96,,N,,A
1398285,96,,N,,A
1275178,96,,N,,A
1196427,96,,N,,A
1290585,01,,N,,D
1248199,01,,Y,,D
1457248,96,,N,,A
1457249,96,,N,,A
1457250,96,,N,,A
1457247,96,,N,,A
1283005,01,,N,,A
1440508,96,,N,,D
1318146,96,,N,,D
1307190,01,,Y,,A
1240851,96,,N,,
1319295,96,,N,N,
1243098,02,,N,,D
1304565,01,,N,,A
1275187,02,,N,,D
1463624,96,,,,E
1239862,96,,N,,A
1252716,96,,N,,D
1457444,96,,N,,D
1242804,01,,N,,A
1452917,96,,N,,D
1434734,96,,N,,D
1443909,96,,N,,D
1254855,96,,N,,D
1243767,96,,N,,D
1453858,96,,N,,D
1249876,02,,N,,A
1250006,02,,N,,A
1252780,96,,N,,A
1398286,96,,N,,D
1310694,96,,N,,A
1440982,96,,N,,A
1408159,01,,N,,A
1440516,96,,N,,A
1443760,96,,Y,,A
1453290,96,,N,,A
1254813,96,,N,,A
1249653,01,,N,,E
1316547,01,,N,,E
1298178,96,,N,,E
1280618,96,,N,,E
1310477,96,,N,,A
1453390,96,,,,D
1276989,96,,N,,D
1246979,96,,N,,E
1194995,01,,N,,D
1192427,01,,Y,,A
1194850,01,,Y,,A
1296874,96,,N,,D
1271460,96,,N,,D
1443761,96,,N,,D
1232977,01,,Y,,D
1457251,96,,N,,F
1275202,01,,N,,D
1284119,01,,N,,D
1240912,01,,N,,A
1452918,01,,N,,B
1296360,01,,Y,,A
1191178,96,,Y,,
1465750,,,,,B
1415572,,,N,,C
1415606,01,,N,,A
1283485,01,,N,,A
1239863,01,,Y,,A
1463625,96,,,,E
1417649,96,,,,E
1443910,96,,N,,A
1275205,96,,N,,A
1299926,96,,Y,,A
1256667,96,,N,,A
1316821,01,,N,,A
1294444,96,,N,,A
1191053,01,Y,N,,D
1225088,96,,N,,D
1292641,96,,Y,,A
1452919,96,,,,A
1300538,96,,N,,A
1431218,96,,N,,A
1249872,01,,Y,Y,D
1304183,01,,N,Y,D
1287891,96,,N,,A
1260678,02,,N,,D
1202433,02,,N,,A
1243289,96,,N,,D
1248440,96,,N,,E
1249815,96,,N,,D
1273887,96,,N,,E
1300118,96,,Y,,A
1192093,96,,Y,,D
1408506,96,,Y,,A
1269751,01,,Y,,D
1308334,01,,N,,D
1413761,,,Y,,E
1295195,01,,N,,D
1280765,96,,Y,,A
1408962,01,,N,,D
1408995,01,,N,,D
1192758,96,,Y,,D
1192911,96,,Y,,D
1398620,96,,N,,A
1300543,96,,N,,A
1275209,96,,N,,A
1243021,96,,N,,A
1398288,96,,N,,
1197358,96,,N,,A
1194966,01,,N,,D
1450255,01,,N,,D
1468673,,,,,F
1242928,02,,N,,A
1271465,96,,N,,D
1256538,02,,N,,A
1457146,96,,N,,D
1264615,96,,N,,D
1442532,96,,N,,A
1288668,02,,N,,A
1398290,02,,N,,A
1239845,96,,N,,A
1280890,96,,N,,E
1434455,96,,Y,,E
1413121,96,,Y,,E
1413142,96,,Y,,E
1256135,96,,N,,D
1296876,96,,N,,A
1440526,96,,N,,A
1187893,96,,Y,,
1283220,96,,N,,D
1198114,96,,N,,D
1282679,02,,N,,E
1254734,02,,Y,,E
1245969,96,,N,,D
1232162,02,,Y,,E
1196328,96,,N,,D
1452920,96,,,,D
1302348,96,,N,,D
1440528,96,,N,,A
1243177,96,,Y,,D
1453291,96,,N,,A
1443762,96,,N,,D
1398292,96,,N,,A
1214701,01,,Y,,D
1457252,,,Y,,C
1248274,01,,N,,A
1294067,01,,N,,A
1408503,96,,Y,,D
1250148,01,,N,,D
1403919,01,,Y,,A
1450256,01,,N,,D
1185276,01,,Y,,A
1306669,01,,N,,A
1253870,01,,Y,,A
1192187,01,,N,,D
1291643,01,,N,,A
1294402,96,,N,,D
1318688,01,,Y,,D
1398625,02,,N,,D
1273916,02,,N,,D
1307378,96,,N,,D
1248082,96,,N,,A
1186378,02,,Y,,A
1443764,96,,N,,A
1197466,96,,Y,,A
1457253,96,,Y,,D
1443848,96,,N,,A
1432396,96,,N,,D
1279639,96,,N,,D
1457147,01,,Y,,A
1431219,96,,N,,A
1452922,96,,N,,A
1431220,96,,N,,A
1193483,01,,Y,,
1224964,96,,N,,D
1438323,96,,N,,A
1444481,96,,N,,A
1411780,,,,,C
1417556,01,,N,,A
1441003,96,,N,,D
1254629,01,,N,,A
1232445,01,,N,,A
1431209,96,,N,,D
1457254,96,,N,,
1255905,96,,N,,D
1196329,96,,N,,D
1441004,96,,N,,D
1288281,01,,N,,D
1280114,96,,N,,E
1185971,96,,Y,,A
1239865,96,,N,,D
1431221,96,,N,,D
1407750,,,N,,D
1300563,96,,N,,D
1441006,96,,N,,D
1217477,96,,N,,D
1233870,01,N,N,,A
1317782,01,,N,,A
1265017,01,,N,,A
1189673,01,,Y,,D
1248527,96,,N,,D
1457255,96,,N,,A
1191687,02,,N,,A
1280196,02,,N,,A
1310152,02,,N,,A
1217129,96,,N,,
1290857,01,,N,,D
1255866,01,,N,,D
1306010,01,,N,,E
1233107,96,,N,,
1186203,01,,N,,A
1417642,96,,Y,,E
1443911,02,,N,,D
1466954,,N,N,N,D
1466955,,N,N,N,D
1243088,96,,N,,D
1225015,96,,N,,D
1269437,96,,Y,,D
1242816,96,,N,,A
1441014,96,,N,,D
1310480,96,,N,,D
1417224,,,N,,D
1465080,96,,,,A
1452923,96,,N,,D
1463464,96,,Y,,D
1463623,96,,,,D
1438324,96,,N,,D
1443765,96,,N,,A
1441015,96,,N,,A
1443766,96,,N,,A
1239866,96,,N,,E
1269569,01,,N,,A
1239867,01,,N,,A
1189553,96,,N,,A
1197638,96,,Y,,A
1310564,96,,N,,A
1457256,96,,N,,A
1434236,96,Y,N,,A
1434237,96,Y,N,,A
1249735,01,,N,,D
1277177,01,,Y,,D
1438325,96,,N,,D
1275234,02,,N,,A
1443767,02,,N,,A
1288289,02,,N,,A
1457257,01,,N,,D
1191103,01,,N,,E
1196350,96,,N,,D
1463465,96,,Y,,A
1438326,96,,N,,D
1288687,01,,N,,D
1465526,,,,,B
1224965,01,,N,,D
1192331,01,,N,,A
1243373,96,,N,,E
1450204,96,,N,,A
1311097,96,,Y,,D
1431246,96,,N,,D
1453295,96,,N,,C
1202720,01,,Y,,D
1254860,01,,N,,D
1199512,96,,N,,
1271806,96,,N,,A
1413593,02,,N,,A
1310889,02,,N,,A
1275236,02,,N,,A
1256238,96,,N,,D
1300587,96,,N,,D
1291135,96,,Y,,E
1317437,96,,N,,E
1452925,96,,N,,E
1300586,96,,N,,D
1398633,96,,N,,A
1419139,,,Y,,B
1256338,96,,N,,D
1443768,96,,N,,D
1457258,96,,Y,,D
1431249,96,,Y,,A
1457259,96,,Y,,D
1445434,96,,N,,A
1275238,96,,N,,A
1441022,96,,N,,D
1457260,02,,N,,D
1409444,,,Y,,E
1256794,96,,N,,A
1452926,01,,N,,D
1250034,01,,N,,E
1191964,01,,N,,E
1289326,01,,N,,E
1302113,01,,N,,A
1465623,,,,,C
1306230,01,,Y,,D
1254067,01,,Y,,E
1403492,01,,,,E
1256063,01,N,N,,A
1317696,01,,N,,D
1293867,01,,N,,D
1269966,01,,N,,D
1225087,96,,N,,D
1457430,,,,,C
1319105,01,,Y,,A
1317716,01,,Y,,D
1291701,01,,N,,D
1304781,01,,Y,,E
1282127,01,,Y,,D
1232288,96,,N,,D
1198633,01,,N,,A
1270075,96,,N,,A
1452927,96,,N,,A
1401619,96,,N,,A
1275244,02,,N,,D
1300155,02,,N,,D
1430430,01,,N,,E
1242859,96,,N,,D
1443769,96,,N,,D
1264484,96,,N,,A
1198937,96,,Y,,D
1243903,96,,N,,D
1287921,96,,N,,
1285214,96,,N,,D
1441035,96,,N,,A
1275245,96,,N,,D
1295992,01,,Y,,A
1250362,96,,N,,A
1402320,01,,N,,D
1438683,01,,N,,D
1185266,01,,N,,E
1283907,01,,N,,A
1304521,01,,N,,D
1457261,96,,N,,E
1434780,96,,N,,A
1465298,96,,,,A
1185249,01,,N,,A
1296877,01,,N,,A
1261095,02,,N,Y,D
1310142,01,,N,,A
1194962,01,,N,,A
1195002,01,,Y,,A
1189710,01,,N,,D
1457262,96,,N,,A
1406735,01,,,,D
1292466,02,,N,,A
1191573,,N,Y,,A
1417646,02,,Y,,A
1193117,96,,N,,D
1233856,01,,N,,D
1408147,01,,Y,,D
1408354,01,,Y,,D
1408471,01,,N,,D
1187898,,,Y,,
1216303,01,,N,,A
1191727,01,,Y,,
1316593,01,,N,Y,D
1186038,,,N,,D
1216433,96,,N,,D
1272927,96,,N,,E
1272928,,,N,,E
1464932,96,,,,A
1457263,02,,N,,D
1270062,96,,Y,,A
1289310,01,,N,,A
1403572,01,,Y,,A
1413710,01,,,,D
1405658,01,,Y,,D
1242848,96,,N,,E
1231456,01,,N,,A
1190974,96,,N,,
1232164,01,,N,,A
1315518,01,,N,,A
1224890,96,,N,,D
1287931,96,,N,,D
1438329,96,,N,,A
1453297,96,,N,,A
1398647,96,,N,,A
1287932,96,,Y,,A
1311374,96,,Y,,A
1282881,01,,N,,A
1264472,02,,Y,,
1306756,01,,N,,A
1459127,96,,,,A
1256811,96,,Y,,D
1316427,01,,Y,,A
1189745,96,,Y,,D
1254644,01,,N,,D
1270966,01,,Y,,D
1450206,02,,N,,D
1463467,02,,,,D
1468648,02,,,,E
1404733,01,,N,,B
1318751,01,,Y,,A
1186292,01,,N,,A
1320701,96,,N,,A
1397686,96,,N,,A
1441045,96,,N,,E
1402366,01,,Y,,A
1263606,01,,N,,A
1193874,01,,Y,,A
1459926,96,N,N,N,B
1305121,01,,Y,,D
1198571,96,,N,,A
1264128,96,,N,,D
1250448,96,,Y,,D
1457265,96,Y,N,,D
1316381,01,,N,,D
1452928,02,,N,,B
1244129,96,,N,,D
1194805,01,,Y,,A
1264287,01,,N,,D
1300653,96,,N,,D
1309472,01,,N,,D
1445451,96,,N,,D
1193779,01,,N,,A
1193878,96,,N,,D
1274523,96,,N,,D
1263698,01,,N,,D
1249534,96,,Y,,D
1320319,96,,N,,D
1468674,,,,,F
1465527,,,,,D
1300660,96,,N,,D
1263946,01,,Y,,D
1403777,01,,Y,,A
1281770,96,,N,,A
1408718,96,,N,,A
1230965,02,,Y,,D
1268968,96,,Y,,A
1440579,96,,N,,A
1183284,96,,N,,A
1434802,96,,N,,A
1444714,96,,N,,E
1430277,96,,N,,E
1443855,96,,Y,,D
1288728,96,,N,,A
1190865,96,,N,,A
1265095,02,,N,,D
1314614,96,,,,E
1452930,96,,N,,D
1398309,96,,N,,D
1452931,96,,N,,B
1457268,,,N,,C
1300184,01,,N,,D
1272955,96,,N,,A
1233827,01,,N,,A
1243181,96,,N,,D
1457948,96,,,,D
1464931,96,,,,A
1195172,01,,Y,,E
1195794,01,,Y,,A
1199078,01,,Y,,
1453394,96,,N,,E
1249720,01,,N,,A
1251782,01,,N,,A
1441071,96,,N,,D
1295719,02,,N,,A
1248600,01,,Y,,D
1295829,02,,Y,,A
1240001,96,,N,,D
1463468,96,,,,D
1442554,01,,N,,A
1430513,01,,N,,A
1193245,01,,Y,,A
1189805,01,Y,N,,A
1192169,01,,N,,A
1295753,01,,Y,,A
1190738,01,,N,,D
1434810,96,,N,,E
1284784,01,,N,,A
1289622,96,,N,,A
1303970,96,,N,,A
1452932,02,,N,,A
,,,Y,,B
1317219,01,,N,,A
1248870,02,,Y,,A
1282521,01,,N,,A
1289130,96,,N,,D
1452579,02,,N,,D
1450207,96,,Y,,D
1452933,01,,Y,,A
1305546,01,,Y,,A
1470183,96,,,,F
1296758,01,,N,,A
1296759,01,,N,,A
1198765,02,,Y,,D
1275290,96,,N,,A
1317438,96,,N,,A
1457269,96,,N,,D
1308540,96,,N,,D
1256096,96,,N,,D
1405707,96,,N,,A
1248320,01,,Y,,D
1404357,01,,N,,C
1438331,96,,N,,A
1463469,96,,,,A
1253790,02,,N,,
1286837,96,,N,,A
1317842,01,Y,N,,D
1243126,01,,Y,,D
1318713,01,,N,,D
1275297,96,,N,,D
1399553,01,,N,,D
1249905,01,,Y,,A
1313313,01,,Y,,D
1270348,01,,N,,D
1232901,01,,N,,D
1270445,01,,N,,D
1194471,01,,N,,D
1453288,96,,N,,A
1220096,96,,N,,A
1298901,01,,N,,E
1198140,01,,N,,D
1309380,96,,N,,D
1271518,96,,N,,A
1288334,96,,N,,A
1229830,96,,N,,D
1256804,96,,N,,A
1398315,96,,Y,,A
1299941,96,,N,,A
1299942,96,,N,,A
1257005,96,,Y,,D
1441094,96,,N,,A
1468675,,,,,F
1216414,01,,N,,A
1281138,01,,Y,,D
1191296,01,,N,,A
1191559,01,,N,,A
1194825,01,,Y,,A
1452998,01,,Y,,D
1432320,01,,N,,D
1432415,01,,N,,D
1269180,96,,N,,A
1230259,96,,Y,,A
1302465,96,,Y,,D
1302513,96,,N,,D
1287973,96,,N,,D
1252744,01,,N,,A
1249412,96,,,,A
1234177,96,,Y,,D
1457270,02,,N,,C
1232710,96,,N,,D
1453293,96,,Y,,A
,,,Y,,A
1194603,01,,N,,
1404619,96,,,,A
1444502,96,,N,,D
1191543,96,,N,,
1229370,96,,N,,D
1274170,96,,N,,D
1253868,01,,Y,,D
1253867,01,,N,,D
1453298,96,,N,,D
1434828,02,,N,,D
1463470,,,Y,,F
1310489,02,,N,,D
1397707,02,,N,,D
1457271,02,,N,,C
1198651,02,,N,,D
1282123,01,,N,,D
1275315,02,,Y,,D
1288760,02,,Y,,D
1256858,02,N,N,N,D
1299945,02,,N,,D
1288759,02,,Y,,D
1243367,02,,N,,D
1306529,01,,Y,,D
1243517,96,,N,,D
1263337,01,,N,,A
1224970,02,,N,,A
1452934,96,,Y,,A
1300216,96,,N,,A
1275318,96,,N,,A
1281305,01,,N,,A
1311399,96,,N,,D
1319645,96,,N,,A
1275322,01,,N,,D
1300728,01,,N,,D
1442162,01,,N,,D
1457272,96,,N,,A
1275323,96,,N,,D
1440613,96,,N,,D
1257589,96,,N,,D
1319587,96,,N,,A
1271833,96,,N,,E
1193378,01,,Y,,A
1231296,96,,N,,A
1217066,96,,Y,,A
1192484,96,,N,,A
1231418,01,,N,,A
1231523,01,,N,,A
1293493,01,,N,,A
1288345,01,,N,,D
1273006,01,,N,,D
1411451,01,,N,,D
1320382,01,,N,,A
1404554,96,,N,,D
1310586,96,,N,,D
1431222,96,,N,,D
1242777,96,,N,,A
1295169,96,,Y,,A
1430172,96,,N,,A
1443771,96,,Y,,A
1444154,96,,N,,
1463471,,,N,,
1452936,96,,N,,A
1412906,01,,N,,E
,,,Y,,F
1300226,96,,N,,A
1457273,01,,Y,,F
1256926,96,,N,,A
1254817,96,,N,,A
1281349,01,,N,,A
1243396,96,,N,,A
1444504,02,,N,,A
1275332,96,,N,,A
1434833,96,,N,,A
1233356,96,,N,,A
1398320,96,,N,,A
1224891,01,,Y,,A
1318000,,,N,,D
1194708,96,,N,,A
1399493,96,,Y,,A
1256509,96,,N,,A
1273011,96,,N,,D
1232746,96,,N,,A
1403920,96,,Y,,A
1256123,96,,Y,,D
1308542,96,,N,,D
1444505,96,,N,,D
1415087,,,,,F
1457274,96,,N,,
,,,Y,,A
1299947,96,,N,,A
1198795,96,,N,,D
1398321,96,,N,,A
1271898,01,,Y,Y,D
1405574,,,,Y,D
1254864,01,,Y,,A
1282734,01,,N,,A
1231998,01,,N,,A
1304644,01,,Y,,A
1318765,01,,Y,,A
1281335,01,,Y,,D
1465528,,,,,B
1443912,96,,N,,D
1430714,96,,N,,A
1465529,,,,,B
1443387,96,,N,,A
1440624,96,,N,,A
1248936,,N,N,N,D
1263964,02,,Y,,A
1413403,01,,Y,,D
1240002,96,,N,,D
1300752,96,,N,,D
1274548,96,,N,,D
1441123,96,,N,,D
1457445,96,,,,C
1441124,96,,N,,A
1310492,96,,N,,A
,,,Y,,F
1192640,01,,N,,D
1194932,01,,Y,,D
1442373,96,,N,,A
1452938,96,,N,,B
1311410,96,,N,,D
1452939,96,,N,,B
1452940,96,,N,,C
1434842,96,,N,,D
1452937,96,,N,,C
1442422,96,,N,,A
1192345,01,,N,,D
1254818,96,,N,,D
1306659,01,,N,,A
1248446,01,,N,,A
1217923,96,,N,,D
1443913,96,,N,,A
1301440,96,,N,,D
1249932,01,,Y,,A
1250128,01,,N,,A
1300764,96,,N,,D
1401328,96,,Y,,D
1249863,01,,Y,,A
1311415,96,,Y,,A
1252546,96,,N,,A
1311414,96,,N,,A
1231868,96,,N,,D
1310901,96,,N,,A
1457275,,,N,,C
1194015,96,,N,,D
1305942,01,,N,,E
1459929,01,,Y,,B
1260769,01,,Y,,A
1277519,02,,N,,D
1431210,96,,N,,A
1443782,96,,N,,A
1401086,96,,N,,
1239869,01,,N,,D
1282722,01,,N,,A
1281790,96,,N,,A
1453300,96,,N,,A
1302569,96,,Y,,D
1195823,96,,N,,A
1287999,96,,N,,A
1225098,96,,Y,,A
1269975,01,,N,,A
1465299,96,,,,A
1436375,96,,N,,A
1457277,96,,N,,A
1302466,02,,N,,A
1310746,96,,N,,A
1443799,96,,N,,A
1431250,96,,Y,,A
1256363,96,,N,,A
1299951,96,,N,,A
1276052,96,,N,,A
1292384,96,,Y,,E
1285047,01,,N,,A
1215635,01,,N,,A
1444743,96,,N,,E
1256141,96,,Y,,
1457278,96,,N,,A
1452941,96,,N,,A
1300783,96,,N,,D
1282680,02,,N,,A
1283068,02,,N,,A
1300261,96,,N,,D
1431211,96,,N,,D
1257035,96,,N,,D
1280299,96,,N,,A
1300788,96,,N,,A
1288002,96,,Y,,A
1256514,96,,N,,A
1444595,96,,Y,,A
1299683,96,,N,,A
1452942,96,,N,,A
1194394,96,,Y,,D
1316702,01,,N,,D
1455073,,,,,F
1275364,96,,N,,D
1207073,96,,N,,D
1283224,96,,N,,D
1190698,01,,Y,,D
1431212,96,,Y,,A
1443800,96,,Y,,A
1304222,01,,N,,D
1239871,01,,N,,D
1441148,01,,N,Y,D
1453395,96,,N,,D
1443856,96,,N,,D
1459844,96,,,,A
1439018,96,,N,,A
1261333,01,N,,,D
1457279,96,,N,,A
1409428,96,,N,,E
1409477,96,,N,,E
1444508,02,,N,,A
1269636,02,,N,,A
1313834,,,N,,D
1408237,96,,N,,A
1284936,96,,N,,A
1292543,96,,Y,,A
1232947,01,,N,,A
1250782,01,,N,,A
1277735,96,,Y,,A
1282426,02,,N,,D
1285104,96,,N,,A
1194217,01,,N,,A
1276528,96,,Y,,E
1249018,01,,Y,,A
1239872,96,,N,,D
1297997,96,,N,,D
1457100,,,,,F
1452945,96,,N,,E
1398332,96,,N,,A
1431223,96,,N,,A
1453398,96,,N,,A
1440663,96,,N,,A
1310912,96,,N,,A
1398333,96,,N,,A
1292389,01,,N,,D
1216092,96,,Y,,D
1280952,01,,N,,D
1445554,96,,N,,E
1196365,96,,N,,D
1279669,01,,N,,D
1261338,01,,N,,D
1310913,96,,N,,A
1398334,96,,N,,A
1195044,01,,Y,,
1217366,96,,N,,D
1457957,96,,Y,,A
1299542,96,,N,,A
1269666,01,,N,,A
1269914,01,,N,,A
1468560,,,N,,A
1457281,96,,N,,D
1300833,01,,N,,
1316367,96,,N,,D
1319598,96,,N,,D
1319599,96,,N,,D
1465624,,,,,C
1453396,96,,N,,A
1438712,96,,N,,D
1453397,96,,N,,D
1438333,96,,N,,E
1273080,96,,N,,A
1442409,96,,N,,E
1450253,96,,N,,A
1457282,96,,N,,E
1252045,01,,Y,,A
1457283,02,,N,,A
1320268,02,,Y,,A
1253793,02,,Y,,A
1295333,01,,N,,D
1282683,96,,Y,,E
1192052,96,,N,,
1233361,96,,N,,
1398335,96,Y,N,,D
1403408,01,,N,,E
1193974,01,,N,,A
1252099,01,,Y,,A
1295707,01,,N,,A
1398705,96,,N,,A
1308543,96,,N,,A
1443849,02,,Y,,D
1452946,96,,N,,A
1434876,96,,Y,,D
1275393,96,,N,,A
1260344,02,,N,,A
1398706,96,,N,,A
1413095,01,,,,D
1300852,96,,N,,D
1307729,01,,N,,D
1263143,96,,N,,D
1248899,96,,N,,D
1250667,96,,N,,D
1413685,,,,,F
1300856,96,,N,,D
1319601,02,,Y,,D
1296500,01,,N,,A
1250131,02,,Y,,
1319602,02,,N,,D
1283660,01,,,,D
1464825,96,,,,D
1292694,96,,Y,,D
1198682,02,,N,,A
1319604,02,,N,,A
1283225,02,,N,,A
1225744,96,,N,,D
1434883,96,,N,,D
1195820,96,,N,,A
1457149,96,,N,,D
1290771,01,,N,,D
1313326,01,,N,,D
1232949,96,,N,,A
1194198,96,,Y,,D
1282762,01,,N,,D
1432433,96,,N,,A
1288815,96,,N,N,A
1232916,01,,N,,A
1358526,01,Y,N,,E
1431739,01,Y,N,,E
1253873,96,,Y,,A
1230401,96,,N,,A
1279598,96,,N,,D
1411172,02,,N,,D
1249563,96,,N,,D
1249788,96,,N,,D
1214738,96,,N,,A
1277165,01,,N,,A
1440681,02,,N,,D
1257249,96,,N,,D
1214739,96,,N,,A
1261066,01,,Y,,D
1243600,96,,N,,D
1225256,96,,N,,D
1443783,96,,N,,D
1453399,96,,Y,,D
1219199,96,,N,,A
1254091,96,,N,,A
1231673,01,,N,,A
1251818,01,,Y,,A
1469397,01,,,,B
1453798,01,,N,,B
1288400,96,,N,,D
1256414,96,,N,,D
1276124,96,,N,,D
1282689,01,,N,,A
1457284,,,N,,C
1198660,96,,N,,D
1256382,01,,N,,A
1256633,01,,N,,D
1288404,96,,N,,A
1465530,,,,,B
1225074,96,,N,,A
1310615,96,,N,,E
1280165,01,,N,Y,D
1232972,01,N,Y,Y,D
1308544,96,,N,,
1465531,,,,,B
1409131,01,,,,C
1295167,01,,Y,,D
1402842,96,,N,,D
1289170,01,,N,,D
1295950,01,,N,,D
1318719,01,,N,,D
1252789,96,,N,,D
1270222,96,,N,,D
1231414,96,,N,,D
1403012,01,,N,,D
1290718,01,,N,,D
1453400,01,,N,,D
1302090,96,,N,,D
1404006,01,,N,,A
1217911,02,,N,,D
1256974,02,,N,,D
1193720,01,,N,,A
1411504,01,,N,,A
1401368,01,Y,N,,A
1434896,01,Y,N,,A
1401369,01,Y,N,,A
1412207,01,,N,,D
1463472,96,,,,A
1453401,96,,N,,B
1311126,96,,N,,D
1248785,02,,N,,D
1192625,02,,N,,D
1251388,02,,N,,D
1248602,01,,N,,A
1254867,96,,N,,D
1284813,02,,N,,A
1254866,96,,N,,D
1292184,01,,N,,A
1251369,01,,N,,A
1457965,96,,,,A
1248169,01,,N,,D
1320226,96,,N,,D
1457285,96,,N,,A
1457150,02,,Y,,A
1413882,01,,N,,A
1413990,01,,N,,C
1288415,96,,N,,A
1177132,02,,Y,,
1466153,,,,,A
1466152,,,,,A
1252808,01,,Y,,A
1233764,96,,N,,A
1402395,01,,,,A
1217762,01,,Y,,
1183288,01,,N,,D
1243430,96,,N,,A
1233151,96,,N,,D
1232391,01,,Y,,E
1232418,01,,N,,E
1225257,01,,N,,E
1445592,96,,N,,E
1444514,96,,N,,E
1234529,96,,Y,,D
1457286,96,,N,,
1249947,96,,N,,D
1284162,02,,Y,,E
1270063,02,,Y,,E
1226368,01,,N,,D
1231558,01,,N,Y,D
1302423,02,,Y,,A
1256103,96,,N,,A
1256266,01,,N,,A
1256291,96,,N,,A
1260672,01,,N,,A
1401702,96,,,,A
1251402,96,,Y,,A
1184903,01,,N,,D
1190270,01,N,Y,,E
1193404,01,,N,,D
1440698,96,,N,,E
1248974,01,,N,,D
1228045,96,,N,,A
1300909,96,,N,,A
1319610,96,,N,,A
1310920,96,,N,,E
1438338,96,,N,,A
1277743,01,,N,,D
1319611,96,,N,,A
1190867,01,,N,,D
1453302,96,,,,D
1438730,96,,N,,A
1398721,96,,N,,A
1198518,96,,N,,A
1443784,96,,N,,A
1305246,01,,Y,,A
1457287,96,,Y,,D
1465532,,,,,B
1431235,96,,N,,E
1313722,01,,Y,,A
1313838,01,,Y,,A
1459171,01,,Y,,D
1194258,96,,N,,D
1459732,,,,,
1411900,,,,,F
1291394,01,,N,,A
1251490,02,,Y,,E
1261486,96,,N,,D
1277965,96,,N,,D
1300923,96,,Y,,D
1248812,01,,N,,D
1457288,01,,Y,,C
1199081,96,,Y,,A
1224887,02,,N,,A
1306732,02,,N,,D
1306779,02,,Y,,D
1398350,96,,N,,D
1452951,96,,N,,D
1199181,96,,N,,A
1300926,96,,N,,D
1274091,96,,N,,D
1261838,96,,N,,E
1283558,01,,N,Y,D
1291339,,,N,,D
1232649,96,,N,,A
1307029,,,N,,D
1276588,01,,Y,,D
1270066,96,,Y,,A
1288427,96,,N,,A
1232595,01,,N,,D
1244323,01,,N,,E
1434905,96,,N,,A
1198753,96,,N,,D
1288432,96,,Y,,A
1317106,96,,N,,A
1310921,01,,N,,A
1190085,01,,N,,A
1179482,01,,Y,,A
1313162,96,,N,,A
1452952,02,,Y,,A
1443801,96,,N,,A
1251722,01,,N,,E
1398727,02,,N,,D
1286601,96,,Y,,D
,,,Y,,E
1274092,96,,Y,,A
1468223,96,,Y,,A
1217116,01,,N,,A
1282090,01,,N,,A
1452953,96,,N,,B
1250827,01,,N,,D
1250946,01,,N,,D
1269804,01,,N,,A
1285084,02,,N,,D
1304760,96,,Y,,
1310625,96,,N,,A
1280017,01,,N,,A
1256119,96,,N,,A
1431236,96,,N,,E
1310626,96,,N,,E
1408770,01,,N,,A
1197240,01,,N,,A
1275439,01,,N,,A
1241326,96,,N,,A
1280173,01,,N,,D
1300953,02,,N,,
1256556,96,,N,,D
1198445,96,,N,,A
1249375,02,,N,,D
1256908,96,,N,,E
1412585,02,,N,,D
1441221,96,,N,,A
1257449,02,,Y,,D
1300955,02,,N,,D
1252105,02,,N,,D
1310627,96,,N,,
1300956,96,,N,,D
1198628,01,,N,,A
1320254,01,,Y,Y,A
1279579,01,,Y,Y,A
1457290,01,,N,,A
1443785,01,,N,,A
1441224,01,,N,,A
1468633,,,,,E
1452954,96,,N,,A
1191929,96,,N,,E
1251136,01,,N,,D
1280740,01,,Y,,D
1190242,01,,N,,D
1399582,01,,N,,E
1198554,96,,N,,D
1256335,96,,N,,A
1300967,96,,N,,A
1459928,96,,Y,,A
1457291,02,,N,,E
1189828,01,,N,,D
1411889,,,,,D
1248323,01,,N,,D
1265030,02,,N,,D
1250885,01,,Y,,D
1313435,01,,N,,A
1290956,01,,N,,A
1408806,02,,Y,,A
1288070,96,,N,,A
1398739,96,,N,,A
1189711,96,,N,,E
1249966,96,,Y,,E
1290806,96,,N,,E
1400142,01,,N,,E
1227942,01,,N,,D
1256004,96,,N,,A
1306548,96,,N,,D
1431237,96,,N,,D
1234449,96,,N,,A
1272144,96,,N,,
1407228,,,,,A
1232575,01,,N,,D
1256074,02,,Y,,D
1398358,96,,N,,D
1300988,02,,N,,
1457292,,,N,,C
1441229,01,,Y,,D
1233771,01,,N,,E
1441231,96,,N,,A
1441232,96,,N,,E
1254870,02,,Y,,A
1214323,96,,N,,D
1217929,96,,Y,,D
1405724,01,,N,,A
1318579,96,,N,,A
1318638,96,,N,,A
1183295,96,,N,,D
1231837,96,,Y,,D
1459955,96,,N,,A
1298022,01,,Y,,A
1298081,01,,Y,,A
1252128,01,,N,N,A
1251269,96,,N,,D
1453403,96,,N,,E
1269651,96,,N,,D
1410072,,,N,,F
1410219,,,N,,F
1457293,01,,N,,D
1274093,96,,N,,D
1230583,01,,Y,,
1464826,96,,,,D
1191645,96,,N,,D
1459034,,,N,,
1191942,96,,N,,A
1297101,,,N,,D
1399586,01,,N,,D
1217109,01,,N,,D
1316433,01,,N,,A
1313765,96,,Y,,A
1439394,96,,N,,A
1443802,96,,N,,A
1276202,96,,N,,A
1310925,96,,N,,D
1256236,96,,N,,D
1282832,96,,N,,A
1311589,96,,N,,D
1409033,01,,Y,,A
1452955,96,,N,,D
1413200,96,,,,E
1443858,96,,N,,D
1415458,96,,N,,E
1308245,01,,N,,D
1443787,96,,N,,D
1431251,96,,N,,D
1272747,96,,N,,D
1224900,96,,Y,,D
1452956,96,,N,,D
1438565,96,,N,,D
1434934,96,,N,,D
1274051,96,,N,,D
1248200,01,,N,,D
1252163,01,,Y,,D
1274052,96,,N,,A
1452957,96,,N,,A
1465533,,,,,B
1282563,01,,Y,,A
1293563,01,,Y,,D
1447509,01,,N,,A
1398365,96,,N,,D
1261173,01,,Y,,D
1282890,01,,N,,D
1408998,01,,Y,,A
1399267,02,,N,,D
1280379,96,,N,,E
1318655,01,,Y,,A
1412540,01,,Y,,D
1316909,96,,N,,E
1252547,96,,N,,E
1452958,96,,N,,D
1464827,96,,,,D
1282867,02,,Y,,A
1282893,96,,N,,A
1452959,96,,N,,A
1457294,96,,N,,A
1282432,01,,N,,D
,,,Y,,A
1316279,01,,,,D
1217052,01,,N,,D
1317694,01,,N,,A
1448069,01,,N,,A
1296437,96,,N,,D
1399439,01,,Y,,A
1280611,96,,N,,D
1306550,01,,N,,A
1315830,01,,N,,A
1398369,96,,Y,,D
1190377,01,,Y,,
1225289,01,,N,,D
1306234,96,,N,,A
1398770,96,,N,,A
1251675,96,,N,N,
1232142,01,,N,,D
1431238,96,,N,,A
1465300,,,,,D
1256321,96,,N,,A
1224892,01,,Y,,A
1190789,96,,N,,D
1232665,96,,N,,D
1288473,96,,N,,A
1398364,96,,N,,A
1441268,96,,N,,A
1186113,02,,Y,,A
1290763,02,,N,,A
1283505,02,,N,,A
1243278,02,,N,,A
1256961,02,,N,,A
1280345,01,,N,,E
1280603,02,,N,,
1231746,01,,Y,,D
1292209,01,,N,,D
1284253,96,,N,,A
1457297,96,,N,,A
1436385,96,,N,,A
1272776,96,,N,,D
1301059,96,,N,,A
1316685,02,,N,,D
1316813,02,,N,,D
1453405,96,,N,,A
1246143,96,,N,,A
1244124,96,,N,,D
1280589,01,,N,,A
1302317,01,,N,,A
1218380,01,,N,,D
1256941,01,,Y,,D
1316834,01,,N,,A
1408442,01,,N,,A
1445667,96,,Y,,D
1443803,96,,N,,D
1407248,96,,N,,A
1260517,96,,N,,A
1274084,96,,N,,A
1239874,96,,N,,A
1233686,01,,Y,,D
1463473,96,,Y,,A
1289524,96,,Y,,D
1309420,96,,N,,A
1240003,96,,N,,A
1294157,96,,N,,A
1193338,01,,N,,D
1276918,96,N,N,,D
1440787,02,,N,,A
1444390,,,N,,D
1443852,01,,N,,F
1215929,96,,N,,D
1319630,02,,Y,,D
1245752,02,,N,,D
1457298,96,,N,,A
1453303,96,,N,,
1241210,96,,N,,D
1254747,96,,Y,,A
1457299,01,,Y,,A
1242778,96,,N,,D
1253711,96,,N,,D
1450286,96,,N,,F
1399947,02,,N,,A
1231781,01,,N,,D
1243056,96,,N,,D
1404781,01,,N,,E
1291132,96,,N,,A
1431239,96,,N,,A
1195824,96,,Y,,A
1304693,02,,N,,D
1463474,96,,,,D
1190307,01,,N,,A
1409027,01,,N,,D
1301073,01,,N,,D
1308343,96,,Y,,A
1438571,96,,N,,A
1308445,96,,N,,A
1198627,96,,N,,A
1260606,96,,N,,A
1193744,96,,N,,
1432466,96,,Y,N,A
1197781,96,,Y,,
1301078,96,,N,,A
1464829,96,,,,A
1252743,96,,N,,A
1398791,96,,N,,D
,,,Y,,F
1225104,02,,N,,D
,,,,,B
1452962,96,,N,,D
1289216,96,,Y,,D
1320404,01,,N,,B
1412579,01,,N,,C
1441669,96,Y,,,D
1412695,96,,Y,,D
1271969,02,,Y,,D
1272286,96,,Y,,D
1269371,01,,N,,A
1446546,96,,,,A
1310930,96,,N,,D
1190186,01,,,,D
1443708,96,,N,,E
1320494,01,,N,,A
1313885,01,,N,,A
1256088,96,,N,,A
1239875,96,,N,,
1277609,96,,N,,A
1232381,01,,Y,,A
1192152,01,,Y,,A
1447508,01,,N,,A
1308235,96,,Y,,D
1232934,96,,N,,A
1436389,02,,Y,,A
1186137,96,,N,,D
1438573,02,,N,,D
1443796,02,,N,,D
1412913,02,,,,D
1239876,01,,N,,D
1296406,,,Y,,A
1454202,96,,N,,A
1438574,96,,N,,A
1465302,01,,Y,,D
1465301,01,,,,D
1291969,96,,N,,D
1463475,01,,N,,A
1401803,96,,Y,,D
1198228,96,,N,,D
1440798,96,,N,,D
1256300,96,,N,,D
1311605,96,,N,,D
1249769,01,,N,,D
1283540,01,,N,,D
1194196,01,,N,,
1401092,,,N,,D
1296338,01,,N,,A
1401117,01,,,,A
1256114,02,,N,,A
1457300,02,,N,,C
1444527,96,,N,,D
1288922,02,,N,,A
1233416,01,,Y,,A
1270215,01,,Y,,D
1304659,01,,N,,D
1252782,96,,N,,D
1459209,96,,,,D
1457301,96,,N,,E
1256342,96,,N,,A
1288133,96,,N,,A
1398798,96,,N,,A
1284228,96,,N,,A
1439525,96,,,,D
1401516,96,,N,,D
1239877,96,,N,,A
1300073,,,N,,D
1258247,96,,N,,D
1270064,96,,N,,D
1198519,96,,N,,D
1263500,96,,N,,D
1291964,01,,Y,,A
1307465,01,,N,,A
1402716,01,,N,,C
1280479,01,,Y,,D
1313401,01,,N,,D
1250249,01,,N,,D
1438758,96,,N,,A
1192353,01,,N,,E
1318609,,,N,,D
1452963,96,,N,,D
1453406,96,,N,,D
1295386,01,,N,,D
1274086,96,,N,,E
1239878,96,,N,,E
1431241,02,,Y,,D
1257882,02,,Y,,A
1256803,96,,N,,A
1270060,01,,Y,,D
1295519,01,,Y,,D
1260467,96,,N,,E
1270061,96,,N,,D
1398378,96,,N,,D
,,,,,A
1409317,96,,N,,D
1399007,01,,Y,,D
1442536,01,,Y,,D
1443859,01,,N,,A
1443860,01,,Y,,A
1274087,96,,N,,A
1239879,96,,N,,A
1438576,96,,N,,A
1447052,96,,N,,A
1398807,01,,Y,,D
1284831,01,N,N,N,D
1399664,01,,Y,,C
1298174,01,N,N,N,D
1272163,01,,N,,A
1288148,96,,N,,A
1279500,01,,Y,,D
1280418,01,,N,,D
1193061,01,,N,,D
1279496,02,,N,,A
1248881,02,,N,,A
1217061,02,,N,,A
1251717,01,,N,,A
1251853,01,,N,,A
1243455,01,,N,,D
1263366,01,,N,,D
1194078,01,,N,,D
1251796,01,,N,,D
1291814,01,,Y,,A
1261321,02,,Y,,A
1298976,96,,N,,A
1464933,96,,,,D
1452966,96,,N,,D
1288932,96,,N,,D
1310931,96,,N,,D
1295238,96,,Y,,D
1295529,96,,Y,,D
1320184,,,N,,D
1441313,96,,N,,A
1288152,96,,N,,A
1310652,96,,N,,A
1277073,02,,N,,D
1398812,96,,N,,A
1285320,02,,N,,D
1281046,02,,N,,D
1457302,96,,N,,A
1275515,96,,N,,A
1305387,96,,N,,D
1261091,01,,Y,,A
1232091,01,,N,,A
1187912,01,,N,,D
1290658,01,N,N,N,D
1301144,96,,N,,E
1280115,01,,Y,,D
1194614,01,,N,,D
1301145,02,,Y,,E
1288513,02,,Y,,E
1192354,,,Y,,
1192592,96,,Y,,
1193514,01,,Y,,A
1464830,01,,,,D
1233707,96,,N,,A
1253795,96,,N,,A
1453408,96,,N,,D
1198260,96,,N,,A
1431215,96,,N,,A
1457303,96,,N,,A
1230300,01,N,Y,,A
1440827,96,,N,,A
1452967,96,,Y,,D
1194410,01,,N,,D
1401560,96,,N,,D
1283226,96,,N,,D
1196349,96,,N,,D
1445709,96,,N,,D
1457304,96,,N,,
1274094,96,,N,,A
1465627,,,,,C
1308545,02,,N,,E
1177239,96,,N,,A
1248141,96,,N,,A
1405741,96,,N,,D
1398819,96,,N,,A
1453407,96,,N,,D
1413018,01,,,,A
1277586,01,,N,,A
1190201,96,,N,,D
1275519,96,,N,,D
1300076,96,,N,,D
1243961,96,,N,,A
1181645,01,,N,,A
1404027,,,Y,,A
1256124,96,,N,,A
1310819,96,,N,,A
1195177,01,,N,,A
1435004,02,,N,,A
1453304,02,,N,,A
1239881,96,,Y,,
1281177,96,,Y,,A
1304113,96,,,,F
1281288,96,,Y,,A
1404174,96,,,,A
1457151,96,,N,,A
1431216,96,,N,,A
1307982,01,Y,N,,A
1231014,01,,,,A
1190446,96,,N,,D
1457305,96,,Y,,D
1189794,01,,N,,A
1280051,01,,N,,A
1190847,01,,N,,A
1398383,96,,N,,E
1250147,01,,Y,,A
1441330,96,,N,,E
1292653,01,,N,,A
1274110,96,,N,,A
1219555,96,,N,,A
1197621,96,,Y,,A
1189807,96,,Y,,D
1283404,01,,N,,A
1274111,01,,N,,E
1224888,96,,N,,D
1249207,01,,N,,A
1259679,96,,N,,D
1242992,02,,N,,D
1232331,96,,N,,A
1233117,96,,N,,A
1431243,02,,Y,,A
1283227,01,,Y,,A
1288533,01,,Y,,A
1441340,01,,N,,A
1443861,96,,N,,A
1304594,02,,N,,D
1280499,96,,Y,,A
1408381,01,,Y,,D
1281031,01,,N,,D
1440844,96,,N,,D
1398385,96,,N,,D
1185984,96,,N,,D
1263400,01,,N,,A
1263403,01,,N,,A
1251974,01,,N,,A
1401326,96,,N,,D
1440850,96,,N,,D
1250687,01,,N,,D
1190530,01,,Y,,D
1316778,01,,Y,,D
1193415,01,,N,,D
1233625,01,,N,,D
1311490,96,,Y,,A
1288182,02,,Y,,D
1273471,02,,N,,A
1234136,02,,N,,D
1300079,96,,N,,D
1275538,96,,N,,D
1273473,96,,N,,D
1239882,02,,Y,,D
1294607,02,,Y,,A
1284974,96,,N,,A
1285140,96,,N,,A
1288964,,,N,N,A
1256078,,,N,N,A
1464639,96,N,N,N,A
1464640,96,N,N,N,A
1457306,96,,N,,D
1185268,01,,N,,A
1183273,01,N,Y,,A
1272119,01,,N,,D
1255268,96,,N,,D
1248160,01,,N,,D
1411103,01,,,,A
1435023,02,,Y,,D
1431244,96,,N,,A
1192530,01,,N,,E
1398389,96,,N,,A
1457307,01,,N,,D
1469522,,,,,E
1457152,96,,N,,E
1398388,96,,N,,A
1260449,96,,N,,A
1244060,96,,N,,A
1407765,02,,Y,,A
1457153,96,,N,,D
1301217,02,,N,,A
1444531,96,,N,,D
1435030,96,,Y,,A
1319634,96,,N,,D
1231322,01,,N,,D
1465534,,,,,B
1440869,96,,N,,D
1468676,,,,,F
1420377,,,,,F
1457308,96,,N,,D
1316501,01,,N,,A
1316642,01,,N,,E
1279727,96,,N,,A
1251398,01,,N,,
1402433,96,,N,,E
1310940,96,,N,,D
1403816,96,,N,,D
1431245,96,,N,,D
1214411,02,,Y,,D
1193244,01,,N,,D
1319635,96,,N,,D
1275549,96,,N,,D
1243156,96,,N,,D
1398391,96,,N,,D
1242829,96,,N,,D
1443804,96,,N,,D
1194629,01,,Y,,D
1309959,02,,Y,,E
1249351,01,,Y,,D
1407611,01,,Y,,A
1224889,96,,Y,,D
1272166,01,,Y,,D
1194213,01,,Y,,D
1404427,01,,,,A
1412505,01,,,,A
1279858,96,,Y,N,
1452969,96,,N,,B
1465535,,,,,B
1196359,96,,N,,E
1408490,,,,,F
1404954,96,,Y,,D
1249403,96,,N,,A
1233289,96,,N,,A
1273591,02,,N,,D
1310850,96,,N,,D
1232256,01,,N,,A
1232414,01,,N,,A
1250042,01,,Y,,
1301245,96,,N,,A
1239883,96,,N,,A
1404757,01,,N,,A
1458172,96,,,,
1404146,96,,N,,A
1435043,02,,N,,A
1443854,02,,N,,A
1404960,01,,N,,A
1459020,,,,,B
1216920,01,,Y,,D
1453409,,,N,,A
1445390,01,,Y,,E
1278369,96,,N,,D
1303184,96,,N,,D
1283076,01,,N,,A
1263898,96,,N,,E
1190090,01,,N,,D
1284719,01,,N,,D
1301252,96,,N,,A
1304491,01,,N,,D
1435046,96,,N,,A
1316413,01,,N,,D
1250366,01,,Y,,D
1233435,01,,N,,E
1398845,96,,N,,A
1449984,,,N,,D
1191562,01,,Y,,D
1319638,01,,N,,A
1239884,96,,N,,D
1194181,01,,Y,,D
1243123,02,,N,,A
1260554,02,,Y,,A
1250837,01,,Y,,A
1457310,96,,N,,A
1315046,96,,N,,A
1399802,96,,N,,A
1252722,96,,N,,D
1454203,96,,N,,D
1454205,96,,N,,D
1320434,02,,N,,D
1251485,96,,N,,D
1257336,96,,N,,D
1288564,96,,N,,D
1259562,01,,N,,A
1270156,01,,Y,,D
1411406,01,,,,D
1249344,01,,N,,D
1292144,01,,N,,D
1233155,01,,Y,,D
1320440,01,,Y,,D
1260742,01,,N,,D
1254901,01,,N,,A
1443797,96,,N,,D
1464934,96,,,,D
1405525,01,,N,,E
1457311,96,,N,,A
1186383,01,,N,N,
1192638,01,,N,,D
1398395,96,,N,,E
1288988,96,,N,,E
1269468,02,,N,,E
1452970,02,,N,,E
,,,Y,,E
1232579,96,,N,,E
1242982,96,,N,,D
1431255,96,,N,,D
1195819,96,,N,,D
1190714,01,,Y,,D
1317444,96,,N,,E
1438628,96,,N,,E
1441384,96,,N,,E
1438786,01,Y,N,,D
1413583,,,,,D
1243010,96,,N,,A
1275558,96,,N,,D
1466051,,,,,A
1453289,96,,N,,D
1319905,96,,N,,D
1438788,96,,N,,D
1450513,02,,Y,,E
1453327,02,,Y,,D
1269676,01,,Y,,A
1254628,02,,Y,,A
1310944,96,,N,,D
1309873,96,,N,,A
1441390,96,,N,,D
1254752,01,,N,,A
1457312,96,,N,,
1283673,01,,N,,A
1452972,96,,N,,D
1283716,01,,N,,A
1307258,01,,N,,A
1230730,01,,N,,D
1459930,96,,N,N,D
1232085,01,,Y,,D
1464831,02,,,,D
1277198,96,,N,,D
1459927,02,,Y,N,D
1217062,01,,N,,A
1264975,02,,N,,D
1457154,02,,N,,D
1453410,01,,N,,D
1231724,01,,Y,Y,A
1231606,01,,Y,Y,A
1273658,96,,N,,A
1445764,96,,N,,A
1262269,96,,Y,,D
1288570,96,,N,,D
1311075,96,,N,,A
1316057,01,,N,,A
1193241,01,,N,,A
1203047,01,,N,,A
1194420,01,,N,,A
1302514,01,,Y,,A
1240977,96,,Y,,
1291600,01,,Y,,A
1198766,96,,N,,D
1300086,01,,Y,,D
1398396,01,,Y,,D
1243719,96,,N,,A
1197392,01,,N,,D
1197641,01,,N,,D
1448046,96,,N,,E
1447939,96,,N,,E
1198708,02,,N,,D
1197610,02,,Y,,D
1465536,,,,,B
1269978,96,,N,,A
1402569,96,,N,,A
1273679,96,,N,,A
1319643,96,,N,,D
1283234,96,,N,,D
1232109,01,,N,,D
1310949,96,,Y,,A
1308129,,,N,,D
1398398,96,,N,,D
1187853,01,,N,,A
1300087,96,,N,,D
1307622,,,N,,D
1457315,96,,N,,D
1457314,96,,N,,D
1452973,96,,N,,A
1468818,01,N,N,,D
1239885,96,,N,,D
1252103,01,,Y,,D
1313309,96,,N,,A
1313356,96,,N,,A
,,,,,F
1230877,01,,N,,A
1308248,01,,N,,A
1253774,01,,N,,E
1258352,01,,N,,A
1254754,01,,N,,D
1264018,01,,N,,D
1189421,01,,Y,,A
1189729,96,,N,,D
1199047,02,,N,,D
1192149,96,,N,,D
1407345,,,,,F
1273723,96,,N,,D
1407347,,,,,D
1457316,96,,Y,,D
1270831,96,,N,,D
1187818,01,,Y,,A
1190241,01,,Y,,A
1190495,01,,Y,,D
1302579,01,,N,,D
1309443,01,,N,,D
1254516,01,,Y,,D
1445783,01,,N,,D
1250350,01,,N,,A
1300487,96,,N,,D
1301858,96,,Y,,A
1254755,96,,N,,A
1230618,96,,N,,A
1316522,96,,N,,A
1264640,96,,Y,,D
1253776,96,,N,,D
1412997,01,,Y,,D
1239844,96,,N,,A
1190481,01,,Y,,
1193566,01,,Y,,D
1465081,96,,,,D
1404257,96,,N,,D
1431217,96,,N,,D
1256016,96,,N,,A
1313216,01,,N,,D
1190547,01,,N,,D
1302420,01,,N,,D
1301342,96,,N,,D
1225012,96,,N,,D
1225013,96,,N,,D
1289201,01,,Y,,
1400063,96,,,,D
1441422,96,,N,,D
1310874,96,,N,,D
1184857,96,,N,,A
1457317,96,,N,,A
1401598,01,,N,,C
1202480,96,,N,,A
1251880,96,,Y,,
1256385,96,,N,,A
1454204,96,,N,,A
1438636,96,,N,,A
1452975,96,,N,,D
1288595,96,,N,,A
1457318,96,,N,,E
1443805,96,,N,,E
1296363,01,,N,,D
1287397,96,,N,,A
1452976,96,,N,,D
1306263,96,,N,,A
1281163,01,,N,,
1292510,01,,N,,E
1252062,01,,N,,D
1452977,96,,N,,A
1299003,96,,N,,D
1436354,96,,Y,,D
1457320,96,,Y,,D
1291510,01,,N,,D
1459945,,N,N,,D
1311633,96,,N,,D
1269407,96,,N,,A
1316065,01,,N,,D
1288605,96,,N,,A
1191246,01,,N,,A
1313274,01,,Y,,A
1232564,,,N,,D
1239886,01,,N,,D
1443798,96,,N,,A
1254756,01,,Y,,D
1277729,01,,N,,D
1269819,01,,N,,A
1233631,01,,N,,D
1243305,96,,N,,D
